Workbook

Sheet Home
B2: KNIGHT ESPORTS
B3: Dashboard | Player & wallet manager
B5: =SUMPRODUCT(--(Players!$B$5:$B$304<>"")) -> 1 | D5: =SUMIFS(Payments!$E$5:$E$1004,Payments!$G$5:$G$1004,"Yes") -> 100 | F5: =SUM(Players!$H$5:$H$304) -> 75 | H5: =SUMPRODUCT(--(Entries!$D$5:$D$2004<>"")) -> 1
B6: PLAYERS | D6: VERIFIED PAYMENTS | F6: WALLET BALANCE HELD | H6: MATCH ENTRIES
B8: WHEN A PLAYER PAYS
B9: 1 | C9: A payment message arrives on WhatsApp. Check in the UPI app that the money really arrived.
B10: 2 | C10: Players sheet: add the player once (Free Fire UID, name, WhatsApp number) if they are new.
B11: 3 | C11: Payments sheet: add date, UID, amount, transaction ID, and set Verified? to Yes. The balance updates by itself.
B13: WHEN A SQUAD REGISTERS
B14: 4 | C14: Entries sheet: add 4 rows (match name, squad name, UID). Type the match name the same way every time.
B15: 5 | C15: Check Status: OK = enough balance (the fee is taken automatically). LOW BALANCE = ask them to pay first.
B16: 6 | C16: Send the Room ID and password only to squads where all 4 players show OK.
B18: OTHER JOBS
B19: + | C19: Balance check: Players sheet, Balance column. Refund: add a NEGATIVE amount in Payments (example -25) with Verified? = Yes.
B20: + | C20: See one match's players: click the filter arrow on the Match column in Entries. Change the fee: Settings sheet.
B22: STAY SAFE
B23: ! | C23: Mark Verified? = Yes only after the money is in the UPI account. A parent should be able to check this file.
B24: ! | C24: Keep the file private and back it up (upload to Google Drive). Gold text on a lighter cell = type here. Other cells are automatic.
B25: ! | C25: Delete the example rows (Rahul / Night Wolves) before you start: clear only the gold-text cells.

Sheet Settings
B2: KNIGHT ESPORTS
B3: Settings | Change these and every balance updates
B4: SETTING | C4: VALUE | D4: NOTE
B5: Entry fee per player (₹) | C5: 25 | D5: Set by you (the organiser). Used in all balance formulas.
B6: Players per squad | C6: 4 | D6: Free Fire squad mode has 4 players.
B7: Minimum payment (₹) | C7: 25 | D7: Information only: the smallest amount a player can add to their wallet.

Sheet Players
B2: KNIGHT ESPORTS
B3: Players & wallets | One row per player. Balances are automatic.
B4: FREE FIRE UID | C4: PLAYER NAME | D4: WHATSAPP NUMBER | E4: TOTAL PAID | F4: ENTRIES USED | G4: SPENT | H4: BALANCE | J4: HOW TO FILL
B5: 123456789 | C5: Rahul | D5: 9876543210 | E5: =IF($B5="","",SUMIFS(Payments!$E$5:$E$1004,Payments!$C$5:$C$1004,$B5,Payments!$G$5:$G$1004,"Yes")) -> 100 | F5: =IF($B5="","",COUNTIF(Entries!$D$5:$D$2004,$B5)) -> 1 | G5: =IF($B5="","",F5*Settings!$C$5) -> 25 | H5: =IF($B5="","",E5-G5) -> 75 | J5: Gold text = type here
E6: =IF($B6="","",SUMIFS(Payments!$E$5:$E$1004,Payments!$C$5:$C$1004,$B6,Payments!$G$5:$G$1004,"Yes")) | F6: =IF($B6="","",COUNTIF(Entries!$D$5:$D$2004,$B6)) | G6: =IF($B6="","",F6*Settings!$C$5) | H6: =IF($B6="","",E6-G6) | J6: Other columns are automatic
E7: =IF($B7="","",SUMIFS(Payments!$E$5:$E$1004,Payments!$C$5:$C$1004,$B7,Payments!$G$5:$G$1004,"Yes")) | F7: =IF($B7="","",COUNTIF(Entries!$D$5:$D$2004,$B7)) | G7: =IF($B7="","",F7*Settings!$C$5) | H7: =IF($B7="","",E7-G7) | J7: Balance = verified payments
E8: =IF($B8="","",SUMIFS(Payments!$E$5:$E$1004,Payments!$C$5:$C$1004,$B8,Payments!$G$5:$G$1004,"Yes")) | F8: =IF($B8="","",COUNTIF(Entries!$D$5:$D$2004,$B8)) | G8: =IF($B8="","",F8*Settings!$C$5) | H8: =IF($B8="","",E8-G8) | J8: minus (entries x entry fee)
E9: =IF($B9="","",SUMIFS(Payments!$E$5:$E$1004,Payments!$C$5:$C$1004,$B9,Payments!$G$5:$G$1004,"Yes")) | F9: =IF($B9="","",COUNTIF(Entries!$D$5:$D$2004,$B9)) | G9: =IF($B9="","",F9*Settings!$C$5) | H9: =IF($B9="","",E9-G9) | J9: Green = money left, red = owes
E10: =IF($B10="","",SUMIFS(Payments!$E$5:$E$1004,Payments!$C$5:$C$1004,$B10,Payments!$G$5:$G$1004,"Yes")) | F10: =IF($B10="","",COUNTIF(Entries!$D$5:$D$2004,$B10)) | G10: =IF($B10="","",F10*Settings!$C$5) | H10: =IF($B10="","",E10-G10)
E11: =IF($B11="","",SUMIFS(Payments!$E$5:$E$1004,Payments!$C$5:$C$1004,$B11,Payments!$G$5:$G$1004,"Yes")) | F11: =IF($B11="","",COUNTIF(Entries!$D$5:$D$2004,$B11)) | G11: =IF($B11="","",F11*Settings!$C$5) | H11: =IF($B11="","",E11-G11)
E12: =IF($B12="","",SUMIFS(Payments!$E$5:$E$1004,Payments!$C$5:$C$1004,$B12,Payments!$G$5:$G$1004,"Yes")) | F12: =IF($B12="","",COUNTIF(Entries!$D$5:$D$2004,$B12)) | G12: =IF($B12="","",F12*Settings!$C$5) | H12: =IF($B12="","",E12-G12)
E13: =IF($B13="","",SUMIFS(Payments!$E$5:$E$1004,Payments!$C$5:$C$1004,$B13,Payments!$G$5:$G$1004,"Yes")) | F13: =IF($B13="","",COUNTIF(Entries!$D$5:$D$2004,$B13)) | G13: =IF($B13="","",F13*Settings!$C$5) | H13: =IF($B13="","",E13-G13)
E14: =IF($B14="","",SUMIFS(Payments!$E$5:$E$1004,Payments!$C$5:$C$1004,$B14,Payments!$G$5:$G$1004,"Yes")) | F14: =IF($B14="","",COUNTIF(Entries!$D$5:$D$2004,$B14)) | G14: =IF($B14="","",F14*Settings!$C$5) | H14: =IF($B14="","",E14-G14)
E15: =IF($B15="","",SUMIFS(Payments!$E$5:$E$1004,Payments!$C$5:$C$1004,$B15,Payments!$G$5:$G$1004,"Yes")) | F15: =IF($B15="","",COUNTIF(Entries!$D$5:$D$2004,$B15)) | G15: =IF($B15="","",F15*Settings!$C$5) | H15: =IF($B15="","",E15-G15)
E16: =IF($B16="","",SUMIFS(Payments!$E$5:$E$1004,Payments!$C$5:$C$1004,$B16,Payments!$G$5:$G$1004,"Yes")) | F16: =IF($B16="","",COUNTIF(Entries!$D$5:$D$2004,$B16)) | G16: =IF($B16="","",F16*Settings!$C$5) | H16: =IF($B16="","",E16-G16)
E17: =IF($B17="","",SUMIFS(Payments!$E$5:$E$1004,Payments!$C$5:$C$1004,$B17,Payments!$G$5:$G$1004,"Yes")) | F17: =IF($B17="","",COUNTIF(Entries!$D$5:$D$2004,$B17)) | G17: =IF($B17="","",F17*Settings!$C$5) | H17: =IF($B17="","",E17-G17)
E18: =IF($B18="","",SUMIFS(Payments!$E$5:$E$1004,Payments!$C$5:$C$1004,$B18,Payments!$G$5:$G$1004,"Yes")) | F18: =IF($B18="","",COUNTIF(Entries!$D$5:$D$2004,$B18)) | G18: =IF($B18="","",F18*Settings!$C$5) | H18: =IF($B18="","",E18-G18)
E19: =IF($B19="","",SUMIFS(Payments!$E$5:$E$1004,Payments!$C$5:$C$1004,$B19,Payments!$G$5:$G$1004,"Yes")) | F19: =IF($B19="","",COUNTIF(Entries!$D$5:$D$2004,$B19)) | G19: =IF($B19="","",F19*Settings!$C$5) | H19: =IF($B19="","",E19-G19)
E20: =IF($B20="","",SUMIFS(Payments!$E$5:$E$1004,Payments!$C$5:$C$1004,$B20,Payments!$G$5:$G$1004,"Yes")) | F20: =IF($B20="","",COUNTIF(Entries!$D$5:$D$2004,$B20)) | G20: =IF($B20="","",F20*Settings!$C$5) | H20: =IF($B20="","",E20-G20)
E21: =IF($B21="","",SUMIFS(Payments!$E$5:$E$1004,Payments!$C$5:$C$1004,$B21,Payments!$G$5:$G$1004,"Yes")) | F21: =IF($B21="","",COUNTIF(Entries!$D$5:$D$2004,$B21)) | G21: =IF($B21="","",F21*Settings!$C$5) | H21: =IF($B21="","",E21-G21)
... E304: =IF($B304="","",SUMIFS(Payments!$E$5:$E$1004,Payments!$C$5:$C$1004,$B304,Payments!$G$5:$G$1004,"Yes")) | F304: =IF($B304="","",COUNTIF(Entries!$D$5:$D$2004,$B304)) | G304: =IF($B304="","",F304*Settings!$C$5) | H304: =IF($B304="","",E304-G304)

Sheet Payments
B2: KNIGHT ESPORTS
B3: Payments | Every rupee that comes in. Only 'Yes' rows count.
B4: DATE | C4: FREE FIRE UID | D4: PLAYER (AUTO) | E4: AMOUNT | F4: UPI TRANSACTION ID | G4: VERIFIED? | I4: HOW TO FILL
B5: 46310 | C5: 123456789 | D5: =IF(C5="","",IFERROR(INDEX(Players!$C$5:$C$304,MATCH(C5,Players!$B$5:$B$304,0)),"UID not in Players sheet")) -> Rahul | E5: 100 | F5: 412345678901 | G5: Yes | I5: Gold text = type here
D6: =IF(C6="","",IFERROR(INDEX(Players!$C$5:$C$304,MATCH(C6,Players!$B$5:$B$304,0)),"UID not in Players sheet")) | I6: Set Verified? to Yes only after
D7: =IF(C7="","",IFERROR(INDEX(Players!$C$5:$C$304,MATCH(C7,Players!$B$5:$B$304,0)),"UID not in Players sheet")) | I7: the money reaches the UPI account
D8: =IF(C8="","",IFERROR(INDEX(Players!$C$5:$C$304,MATCH(C8,Players!$B$5:$B$304,0)),"UID not in Players sheet")) | I8: Refund: use a negative amount
D9: =IF(C9="","",IFERROR(INDEX(Players!$C$5:$C$304,MATCH(C9,Players!$B$5:$B$304,0)),"UID not in Players sheet")) | I9: Example: -25
D10: =IF(C10="","",IFERROR(INDEX(Players!$C$5:$C$304,MATCH(C10,Players!$B$5:$B$304,0)),"UID not in Players sheet"))
D11: =IF(C11="","",IFERROR(INDEX(Players!$C$5:$C$304,MATCH(C11,Players!$B$5:$B$304,0)),"UID not in Players sheet"))
D12: =IF(C12="","",IFERROR(INDEX(Players!$C$5:$C$304,MATCH(C12,Players!$B$5:$B$304,0)),"UID not in Players sheet"))
D13: =IF(C13="","",IFERROR(INDEX(Players!$C$5:$C$304,MATCH(C13,Players!$B$5:$B$304,0)),"UID not in Players sheet"))
D14: =IF(C14="","",IFERROR(INDEX(Players!$C$5:$C$304,MATCH(C14,Players!$B$5:$B$304,0)),"UID not in Players sheet"))
D15: =IF(C15="","",IFERROR(INDEX(Players!$C$5:$C$304,MATCH(C15,Players!$B$5:$B$304,0)),"UID not in Players sheet"))
D16: =IF(C16="","",IFERROR(INDEX(Players!$C$5:$C$304,MATCH(C16,Players!$B$5:$B$304,0)),"UID not in Players sheet"))
D17: =IF(C17="","",IFERROR(INDEX(Players!$C$5:$C$304,MATCH(C17,Players!$B$5:$B$304,0)),"UID not in Players sheet"))
D18: =IF(C18="","",IFERROR(INDEX(Players!$C$5:$C$304,MATCH(C18,Players!$B$5:$B$304,0)),"UID not in Players sheet"))
D19: =IF(C19="","",IFERROR(INDEX(Players!$C$5:$C$304,MATCH(C19,Players!$B$5:$B$304,0)),"UID not in Players sheet"))
D20: =IF(C20="","",IFERROR(INDEX(Players!$C$5:$C$304,MATCH(C20,Players!$B$5:$B$304,0)),"UID not in Players sheet"))
D21: =IF(C21="","",IFERROR(INDEX(Players!$C$5:$C$304,MATCH(C21,Players!$B$5:$B$304,0)),"UID not in Players sheet"))
... D1004: =IF(C1004="","",IFERROR(INDEX(Players!$C$5:$C$304,MATCH(C1004,Players!$B$5:$B$304,0)),"UID not in Players sheet"))

Sheet Entries
B2: KNIGHT ESPORTS
B3: Match entries | One row per player per match (4 rows per squad).
B4: MATCH NAME | C4: SQUAD NAME | D4: FREE FIRE UID | E4: PLAYER (AUTO) | F4: STATUS | H4: HOW TO FILL
B5: Daily Squad Cup 5:00 PM - 15 Oct | C5: Night Wolves | D5: 123456789 | E5: =IF(D5="","",IFERROR(INDEX(Players!$C$5:$C$304,MATCH(D5,Players!$B$5:$B$304,0)),"")) -> Rahul | F5: =IF(D5="","",IF(COUNTIFS($B$5:$B$2004,B5,$D$5:$D$2004,D5)>1,"DUPLICATE",IF(ISNA(MATCH(D5,Players!$B$5:$B$304,0)),"UID not found",IF(INDEX(Players!$H$5:$H$304,MATCH(D5,Players!$B$5:$B$304,0))<0,"LOW BALANCE","OK")))) -> OK | H5: Gold text = type here
E6: =IF(D6="","",IFERROR(INDEX(Players!$C$5:$C$304,MATCH(D6,Players!$B$5:$B$304,0)),"")) | F6: =IF(D6="","",IF(COUNTIFS($B$5:$B$2004,B6,$D$5:$D$2004,D6)>1,"DUPLICATE",IF(ISNA(MATCH(D6,Players!$B$5:$B$304,0)),"UID not found",IF(INDEX(Players!$H$5:$H$304,MATCH(D6,Players!$B$5:$B$304,0))<0,"LOW BALANCE","OK")))) | H6: Use the exact same match name
E7: =IF(D7="","",IFERROR(INDEX(Players!$C$5:$C$304,MATCH(D7,Players!$B$5:$B$304,0)),"")) | F7: =IF(D7="","",IF(COUNTIFS($B$5:$B$2004,B7,$D$5:$D$2004,D7)>1,"DUPLICATE",IF(ISNA(MATCH(D7,Players!$B$5:$B$304,0)),"UID not found",IF(INDEX(Players!$H$5:$H$304,MATCH(D7,Players!$B$5:$B$304,0))<0,"LOW BALANCE","OK")))) | H7: OK = enough balance
E8: =IF(D8="","",IFERROR(INDEX(Players!$C$5:$C$304,MATCH(D8,Players!$B$5:$B$304,0)),"")) | F8: =IF(D8="","",IF(COUNTIFS($B$5:$B$2004,B8,$D$5:$D$2004,D8)>1,"DUPLICATE",IF(ISNA(MATCH(D8,Players!$B$5:$B$304,0)),"UID not found",IF(INDEX(Players!$H$5:$H$304,MATCH(D8,Players!$B$5:$B$304,0))<0,"LOW BALANCE","OK")))) | H8: LOW BALANCE = ask them to pay
E9: =IF(D9="","",IFERROR(INDEX(Players!$C$5:$C$304,MATCH(D9,Players!$B$5:$B$304,0)),"")) | F9: =IF(D9="","",IF(COUNTIFS($B$5:$B$2004,B9,$D$5:$D$2004,D9)>1,"DUPLICATE",IF(ISNA(MATCH(D9,Players!$B$5:$B$304,0)),"UID not found",IF(INDEX(Players!$H$5:$H$304,MATCH(D9,Players!$B$5:$B$304,0))<0,"LOW BALANCE","OK")))) | H9: Each row costs the entry fee
E10: =IF(D10="","",IFERROR(INDEX(Players!$C$5:$C$304,MATCH(D10,Players!$B$5:$B$304,0)),"")) | F10: =IF(D10="","",IF(COUNTIFS($B$5:$B$2004,B10,$D$5:$D$2004,D10)>1,"DUPLICATE",IF(ISNA(MATCH(D10,Players!$B$5:$B$304,0)),"UID not found",IF(INDEX(Players!$H$5:$H$304,MATCH(D10,Players!$B$5:$B$304,0))<0,"LOW BALANCE","OK"))))
E11: =IF(D11="","",IFERROR(INDEX(Players!$C$5:$C$304,MATCH(D11,Players!$B$5:$B$304,0)),"")) | F11: =IF(D11="","",IF(COUNTIFS($B$5:$B$2004,B11,$D$5:$D$2004,D11)>1,"DUPLICATE",IF(ISNA(MATCH(D11,Players!$B$5:$B$304,0)),"UID not found",IF(INDEX(Players!$H$5:$H$304,MATCH(D11,Players!$B$5:$B$304,0))<0,"LOW BALANCE","OK"))))
E12: =IF(D12="","",IFERROR(INDEX(Players!$C$5:$C$304,MATCH(D12,Players!$B$5:$B$304,0)),"")) | F12: =IF(D12="","",IF(COUNTIFS($B$5:$B$2004,B12,$D$5:$D$2004,D12)>1,"DUPLICATE",IF(ISNA(MATCH(D12,Players!$B$5:$B$304,0)),"UID not found",IF(INDEX(Players!$H$5:$H$304,MATCH(D12,Players!$B$5:$B$304,0))<0,"LOW BALANCE","OK"))))
E13: =IF(D13="","",IFERROR(INDEX(Players!$C$5:$C$304,MATCH(D13,Players!$B$5:$B$304,0)),"")) | F13: =IF(D13="","",IF(COUNTIFS($B$5:$B$2004,B13,$D$5:$D$2004,D13)>1,"DUPLICATE",IF(ISNA(MATCH(D13,Players!$B$5:$B$304,0)),"UID not found",IF(INDEX(Players!$H$5:$H$304,MATCH(D13,Players!$B$5:$B$304,0))<0,"LOW BALANCE","OK"))))
E14: =IF(D14="","",IFERROR(INDEX(Players!$C$5:$C$304,MATCH(D14,Players!$B$5:$B$304,0)),"")) | F14: =IF(D14="","",IF(COUNTIFS($B$5:$B$2004,B14,$D$5:$D$2004,D14)>1,"DUPLICATE",IF(ISNA(MATCH(D14,Players!$B$5:$B$304,0)),"UID not found",IF(INDEX(Players!$H$5:$H$304,MATCH(D14,Players!$B$5:$B$304,0))<0,"LOW BALANCE","OK"))))
E15: =IF(D15="","",IFERROR(INDEX(Players!$C$5:$C$304,MATCH(D15,Players!$B$5:$B$304,0)),"")) | F15: =IF(D15="","",IF(COUNTIFS($B$5:$B$2004,B15,$D$5:$D$2004,D15)>1,"DUPLICATE",IF(ISNA(MATCH(D15,Players!$B$5:$B$304,0)),"UID not found",IF(INDEX(Players!$H$5:$H$304,MATCH(D15,Players!$B$5:$B$304,0))<0,"LOW BALANCE","OK"))))
E16: =IF(D16="","",IFERROR(INDEX(Players!$C$5:$C$304,MATCH(D16,Players!$B$5:$B$304,0)),"")) | F16: =IF(D16="","",IF(COUNTIFS($B$5:$B$2004,B16,$D$5:$D$2004,D16)>1,"DUPLICATE",IF(ISNA(MATCH(D16,Players!$B$5:$B$304,0)),"UID not found",IF(INDEX(Players!$H$5:$H$304,MATCH(D16,Players!$B$5:$B$304,0))<0,"LOW BALANCE","OK"))))
E17: =IF(D17="","",IFERROR(INDEX(Players!$C$5:$C$304,MATCH(D17,Players!$B$5:$B$304,0)),"")) | F17: =IF(D17="","",IF(COUNTIFS($B$5:$B$2004,B17,$D$5:$D$2004,D17)>1,"DUPLICATE",IF(ISNA(MATCH(D17,Players!$B$5:$B$304,0)),"UID not found",IF(INDEX(Players!$H$5:$H$304,MATCH(D17,Players!$B$5:$B$304,0))<0,"LOW BALANCE","OK"))))
E18: =IF(D18="","",IFERROR(INDEX(Players!$C$5:$C$304,MATCH(D18,Players!$B$5:$B$304,0)),"")) | F18: =IF(D18="","",IF(COUNTIFS($B$5:$B$2004,B18,$D$5:$D$2004,D18)>1,"DUPLICATE",IF(ISNA(MATCH(D18,Players!$B$5:$B$304,0)),"UID not found",IF(INDEX(Players!$H$5:$H$304,MATCH(D18,Players!$B$5:$B$304,0))<0,"LOW BALANCE","OK"))))
E19: =IF(D19="","",IFERROR(INDEX(Players!$C$5:$C$304,MATCH(D19,Players!$B$5:$B$304,0)),"")) | F19: =IF(D19="","",IF(COUNTIFS($B$5:$B$2004,B19,$D$5:$D$2004,D19)>1,"DUPLICATE",IF(ISNA(MATCH(D19,Players!$B$5:$B$304,0)),"UID not found",IF(INDEX(Players!$H$5:$H$304,MATCH(D19,Players!$B$5:$B$304,0))<0,"LOW BALANCE","OK"))))
E20: =IF(D20="","",IFERROR(INDEX(Players!$C$5:$C$304,MATCH(D20,Players!$B$5:$B$304,0)),"")) | F20: =IF(D20="","",IF(COUNTIFS($B$5:$B$2004,B20,$D$5:$D$2004,D20)>1,"DUPLICATE",IF(ISNA(MATCH(D20,Players!$B$5:$B$304,0)),"UID not found",IF(INDEX(Players!$H$5:$H$304,MATCH(D20,Players!$B$5:$B$304,0))<0,"LOW BALANCE","OK"))))
E21: =IF(D21="","",IFERROR(INDEX(Players!$C$5:$C$304,MATCH(D21,Players!$B$5:$B$304,0)),"")) | F21: =IF(D21="","",IF(COUNTIFS($B$5:$B$2004,B21,$D$5:$D$2004,D21)>1,"DUPLICATE",IF(ISNA(MATCH(D21,Players!$B$5:$B$304,0)),"UID not found",IF(INDEX(Players!$H$5:$H$304,MATCH(D21,Players!$B$5:$B$304,0))<0,"LOW BALANCE","OK"))))
... E2004: =IF(D2004="","",IFERROR(INDEX(Players!$C$5:$C$304,MATCH(D2004,Players!$B$5:$B$304,0)),"")) | F2004: =IF(D2004="","",IF(COUNTIFS($B$5:$B$2004,B2004,$D$5:$D$2004,D2004)>1,"DUPLICATE",IF(ISNA(MATCH(D2004,Players!$B$5:$B$304,0)),"UID not found",IF(INDEX(Players!$H$5:$H$304,MATCH(D2004,Players!$B$5:$B$304,0))<0,"LOW BALANCE","OK"))))

Sheet Matches
B2: KNIGHT ESPORTS
B3: Matches | How full is each match?
B4: MATCH NAME | C4: SQUAD SLOTS | D4: PLAYERS JOINED | E4: SQUADS JOINED | F4: SLOTS LEFT | H4: HOW TO FILL
B5: Daily Squad Cup 5:00 PM - 15 Oct | C5: 12 | D5: =IF(B5="","",COUNTIF(Entries!$B$5:$B$2004,B5)) -> 1 | E5: =IF(B5="","",ROUNDUP(D5/Settings!$C$6,0)) -> 1 | F5: =IF(B5="","",C5-E5) -> 11 | H5: Gold text = type here
D6: =IF(B6="","",COUNTIF(Entries!$B$5:$B$2004,B6)) | E6: =IF(B6="","",ROUNDUP(D6/Settings!$C$6,0)) | F6: =IF(B6="","",C6-E6) | H6: Match name must equal the one
D7: =IF(B7="","",COUNTIF(Entries!$B$5:$B$2004,B7)) | E7: =IF(B7="","",ROUNDUP(D7/Settings!$C$6,0)) | F7: =IF(B7="","",C7-E7) | H7: used in the Entries sheet
D8: =IF(B8="","",COUNTIF(Entries!$B$5:$B$2004,B8)) | E8: =IF(B8="","",ROUNDUP(D8/Settings!$C$6,0)) | F8: =IF(B8="","",C8-E8) | H8: Slots left below 0 = over-full
D9: =IF(B9="","",COUNTIF(Entries!$B$5:$B$2004,B9)) | E9: =IF(B9="","",ROUNDUP(D9/Settings!$C$6,0)) | F9: =IF(B9="","",C9-E9)
D10: =IF(B10="","",COUNTIF(Entries!$B$5:$B$2004,B10)) | E10: =IF(B10="","",ROUNDUP(D10/Settings!$C$6,0)) | F10: =IF(B10="","",C10-E10)
D11: =IF(B11="","",COUNTIF(Entries!$B$5:$B$2004,B11)) | E11: =IF(B11="","",ROUNDUP(D11/Settings!$C$6,0)) | F11: =IF(B11="","",C11-E11)
D12: =IF(B12="","",COUNTIF(Entries!$B$5:$B$2004,B12)) | E12: =IF(B12="","",ROUNDUP(D12/Settings!$C$6,0)) | F12: =IF(B12="","",C12-E12)
D13: =IF(B13="","",COUNTIF(Entries!$B$5:$B$2004,B13)) | E13: =IF(B13="","",ROUNDUP(D13/Settings!$C$6,0)) | F13: =IF(B13="","",C13-E13)
D14: =IF(B14="","",COUNTIF(Entries!$B$5:$B$2004,B14)) | E14: =IF(B14="","",ROUNDUP(D14/Settings!$C$6,0)) | F14: =IF(B14="","",C14-E14)
D15: =IF(B15="","",COUNTIF(Entries!$B$5:$B$2004,B15)) | E15: =IF(B15="","",ROUNDUP(D15/Settings!$C$6,0)) | F15: =IF(B15="","",C15-E15)
D16: =IF(B16="","",COUNTIF(Entries!$B$5:$B$2004,B16)) | E16: =IF(B16="","",ROUNDUP(D16/Settings!$C$6,0)) | F16: =IF(B16="","",C16-E16)
D17: =IF(B17="","",COUNTIF(Entries!$B$5:$B$2004,B17)) | E17: =IF(B17="","",ROUNDUP(D17/Settings!$C$6,0)) | F17: =IF(B17="","",C17-E17)
D18: =IF(B18="","",COUNTIF(Entries!$B$5:$B$2004,B18)) | E18: =IF(B18="","",ROUNDUP(D18/Settings!$C$6,0)) | F18: =IF(B18="","",C18-E18)
D19: =IF(B19="","",COUNTIF(Entries!$B$5:$B$2004,B19)) | E19: =IF(B19="","",ROUNDUP(D19/Settings!$C$6,0)) | F19: =IF(B19="","",C19-E19)
D20: =IF(B20="","",COUNTIF(Entries!$B$5:$B$2004,B20)) | E20: =IF(B20="","",ROUNDUP(D20/Settings!$C$6,0)) | F20: =IF(B20="","",C20-E20)
... D204: =IF(B204="","",COUNTIF(Entries!$B$5:$B$2004,B204)) | E204: =IF(B204="","",ROUNDUP(D204/Settings!$C$6,0)) | F204: =IF(B204="","",C204-E204)
